{"0":{"count_or_percentage":"count","English":150087,"Indian":7295,"Japanese":1855,"Spanish":2029,"Arabic":1701,"Tagalog":1583,"Portuguese":1208,"Chinese":974,"Turkish":733,"French":635,"all":175249},"1":{"count_or_percentage":"percentage","English":0.8564214346,"Indian":0.0416264857,"Japanese":0.0105849391,"Spanish":0.0115778121,"Arabic":0.0097061895,"Tagalog":0.0090328618,"Portuguese":0.0068930493,"Chinese":0.0055578063,"Turkish":0.0041826202,"French":0.0036234158,"all":1}}